Feature,Combined Correlation
feature22,0.8415197016784214
feature5,0.7866056081361726
feature19,0.6475735853045872
feature46,0.39115484841173936
feature67,0.3050979177319631
feature31,0.2274891835921871
feature105,0.20685388371049734
feature35,0.198216240811993
feature6,0.1760734531185193
feature10,0.1712317533239939
feature91,0.16857649724721357
feature15,0.16322856635636962
feature14,0.1491466081147701
feature24,0.14164370308973787
feature27,0.14016645183974796
feature44,0.1369785261405581
feature30,0.13097695828093064
feature36,0.1291626318124627
feature33,0.12420121181987545
feature13,0.12024594475296096
feature16,0.11952464152488013
feature97,0.11931266772227689
feature98,0.11348956560943758
feature55,0.1090589842586899
feature59,0.10245747543089752
feature86,0.10121205846883272
feature76,0.09950901468242335
feature84,0.09890842347359488
feature49,0.09888097872951428
feature90,0.09614979813455458
feature23,0.09019974126752073
feature61,0.0891457225217212
feature66,0.08912143723967107
feature82,0.08795099917291693
feature25,0.0751161610877799
feature72,0.07373136805938303
feature58,0.07243038185058377
feature101,0.07237904687526318
feature47,0.07196463618176568
feature40,0.06576541578614413
feature18,0.06392283622541041
feature79,0.06298525597021237
feature12,0.06259427586791086
feature29,0.06228869055519198
feature52,0.06139894216142435
feature48,0.05676217355647879
feature87,0.055649102302286806
feature41,0.05560749935208202
feature73,0.05530612658116096
feature17,0.051230157585653684
feature39,0.049881133918426794
feature3,0.04960756173321811
feature74,0.048818517835785585
feature103,0.048679533368590704
feature95,0.04801997806770492
feature50,0.04634546537781191
feature94,0.04585808604974212
feature104,0.04536919423355999
feature62,0.04518071200563333
feature9,0.044827419662549876
feature68,0.04357614184257518
feature38,0.04328802158647099
feature42,0.0423426432128851
feature43,0.0417647516747419
